0.00024414,0.2244,0.13994,0.21539,0.16745,0.73885,0.54498,0.35219,0.24519,0.18217,0.40984,0.96114,0.83031,0.57085,0.41785,0.19646,0.12451,0.95844,0.84563,0.87279,0.31827,0.078659,0.39052,0.5136,0.13582,0.34003,0.52808,0.94795,0.53923,0.82951,0.74817,0.45599,0.50388,0.31326,0.057617,0.65952,0.32184,0.085175,0.25279,0.53694,0.71243,0.29443,0.6503,0.33861,0.07518,0.63667,0.86351,0.90823,0.28619,0.16104,0.087372,0.19412,0.3717,0.80612,0.48099,0.58983,0.02446,0.089798,0.27415,0.35526,0.059677,0.80818,0.86542,0.74344,0.51018,0.15506,0.87758,0.91008,0.25774,0.90512,0.97704,0.38571,0.52223,0.093384,0.0043793,0.58351,0.51024,0.00088501,0.42674,0.21175,0.7446,0.87665,0.6973,0.34174,0.47958,0.075439,0.16394,0.92149,0.86459,0.57362,0.75168,0.66875,0.066147,0.56787,0.5687,0.00073242,0.54318,0.97536,0.34784,0.90746,0.060608,0.18097,0.065369,0.80301,0.29291,0.39761,0.61145,0.60295,0.76607,0.54352,0.67963,0.30045,0.38264,0.77036,0.13261,0.79791,0.92769,0.40395,0.38503,0.12311,0.69141,0.50896,0.84926,0.42271,0.43088,0.93538,0.63275,0.97546
0.58891,0.81915,0.98241,0.085938,0.096939,0.19991,0.46396,0.64848,0.36743,0.86601,0.30756,0.55473,0.19572,0.56619,0.32433,0.084961,0.70871,0.2888,0.89572,0.093338,0.15292,0.15933,0.47636,0.68359,0.13196,0.73613,0.97894,0.40538,0.78047,0.72157,0.88045,0.64197,0.67714,0.50682,0.74841,0.91647,0.21281,0.038559,0.72733,0.44191,0.46791,0.67676,0.9173,0.65115,0.86754,0.65379,0.68336,0.65462,0.11073,0.3139,0.42268,0.62753,0.70142,0.71698,0.30942,0.80482,0.0013428,0.75005,0.74008,0.43808,0.58122,0.090347,0.37633,0.12341,0.90952,0.88229,0.011581,0.020187,0.64389,0.25157,0.4675,0.23041,0.80403,0.034973,0.065994,0.064835,0.83737,0.67133,0.30254,0.59676,0.63799,0.78285,0.066177,0.66093,0.42802,0.055313,0.31058,0.5018,0.78799,0.1665,0.071686,0.74773,0.90199,0.54184,0.43526,0.34805,0.31816,0.88052,0.29895,0.79994,0.30647,0.93474,0.72221,0.28464,0.31351,0.030487,0.33751,0.60753,0.088333,0.81645,0.57068,0.74071,0.18802,0.32545,0.52847,0.86343,0.15225,0.97769,0.13995,0.56598,0.81538,0.92828,0.4257,0.75583,0.83794,0.45016,0.48544,0.89496
0.8055,0.84251,0.17775,0.92714,0.19539,0.65871,0.68362,0.10876,0.99942,0.52728,0.92833,0.92461,0.71306,0.34686,0.41852,0.8781,0.27257,0.79187,0.16037,0.5575,0.77779,0.69766,0.4481,0.2851,0.7496,0.087051,0.032471,0.57446,0.89801,0.38197,0.073257,0.79858,0.11214,0.55286,0.071854,0.11005,0.38992,0.24521,0.03801,0.041351,0.20454,0.10887,0.67532,0.38994,0.84067,0.21538,0.86996,0.30276,0.98843,0.33965,0.95587,0.57076,0.45274,0.51239,0.35057,0.0075684,0.23445,0.57993,0.3474,0.59973,0.81482,0.64746,0.52782,0.81165,0.74875,0.93445,0.58968,0.8284,0.35915,0.7961,0.97293,0.5381,0.96919,0.5098,0.30019,0.97466,0.86111,0.8159,0.25232,0.90515,0.061615,0.63336,0.83833,0.29463,0.50102,0.91803,0.90752,0.053818,0.57019,0.3858,0.051849,0.6819,0.38698,0.869,0.76775,0.47397,0.99809,0.98692,0.39278,0.43253,0.68839,0.96921,0.64688,0.18219,0.23369,0.074738,0.93015,0.28789,0.010818,0.15242,0.5383,0.26324,0.41028,0.53043,0.045212,0.10045,0.98967,0.18776,0.42369,0.54501,0.37587,0.48993,0.32329,0.88493,0.86504,0.85445,0.17007,0.64655
0.4994,0.85779,0.50189,0.10905,0.40497,0.6239,0.1115,0.37669,0.73557,0.18901,0.67018,0.16336,0.74869,0.78394,0.10698,0.042419,0.64288,0.79723,0.69359,0.73442,0.028961,0.52432,0.39157,0.52742,0.51457,0.25873,0.92885,0.47946,0.6317,0.82483,0.95912,0.10986,0.49226,0.035522,0.85295,0.14085,0.58925,0.80638,0.54266,0.7767,0.67578,0.98395,0.21365,0.40855,0.19058,0.66035,0.45526,0.74728,0.038528,0.45645,0.17877,0.38173,0.10863,0.19824,0.33411,0.67207,0.79185,0.75731,0.43735,0.16408,0.66869,0.89972,0.19336,0.53903,0.48761,0.19102,0.99146,0.55666,0.16568,0.95059,0.25937,0.68961,0.56996,0.88254,0.10463,0.42032,0.85823,0.83058,0.88242,0.94739,0.39549,0.1649,0.98878,0.29733,0.79007,0.51404,0.092773,0.78152,0.83847,0.23184,0.59232,0.92056,0.30101,0.66788,0.7563,0.26889,0.47446,0.2621,0.69835,0.85785,0.3244,0.5359,0.82596,0.36014,0.90715,0.83585,0.25877,0.42775,0.051926,0.18738,0.79373,0.41022,0.7382,0.59344,0.36296,0.09108,0.41151,0.87952,0.57544,0.00067139,0.93172,0.80592,0.40251,0.41011,0.50511,0.20177,0.13144,0.86923
0.44608,0.64412,0.17543,0.44394,0.63184,0.49179,0.94279,0.52054,0.10789,0.74149,0.95244,0.38168,0.62778,0.84879,0.61955,0.36763,0.060333,0.92326,0.12303,0.63205,0.18529,0.14174,0.60329,0.56372,0.62015,0.14169,0.52478,0.43094,0.1008,0.0043335,0.8821,0.91464,0.28772,0.95676,0.40646,0.55164,0.56021,0.27765,0.24095,0.32178,0.19638,0.80128,0.3427,0.28526,0.29971,0.93321,0.38838,0.92297,0.64949,0.96057,0.586,0.088089,0.73378,0.7307,0.67462,0.94276,0.74734,0.34457,0.75662,0.47539,0.29211,0.6817,0.37846,0.31992,0.076401,0.79312,0.59953,0.86302,0.097855,0.88155,0.17531,0.60118,0.68513,0.5484,0.84709,0.15909,0.13802,0.35725,0.80524,0.33015,0.22678,0.1575,0.54152,0.63463,0.54076,0.56261,0.89734,0.44815,0.23994,0.03334,0.79361,0.30003,0.55763,0.23184,0.38809,0.95663,0.65529,0.7061,0.48268,0.49707,0.20999,0.67528,0.05658,0.058228,0.58257,0.058334,0.77385,0.9209,0.98648,0.18872,0.58092,0.14499,0.010147,0.5748,0.70279,0.79497,0.9102,0.77379,0.4673,0.45894,0.22295,0.66393,0.86758,0.14926,0.026642,0.06601,0.39125,0.7457
0.73473,0.28992,0.13567,0.67131,0.72307,0.40775,0.8354,0.76836,0.85352,0.084183,0.46336,0.48059,0.76053,0.076736,0.62218,0.54927,0.33333,0.82713,0.92984,0.93788,0.72278,0.51147,0.54393,0.35875,0.015152,0.39458,0.036011,0.062241,0.46144,0.70529,0.29919,0.32388,0.38525,0.74173,0.92159,0.058701,0.87434,0.30292,0.03447,0.58754,0.65466,0.80701,0.94817,0.9894,0.20097,0.047073,0.75296,0.75206,0.91881,0.84163,0.0040741,0.17497,0.22391,0.64769,0.43674,0.18173,0.82994,0.01033,0.68813,0.25446,0.94427,0.593,0.035507,0.19742,0.27196,0.34795,0.62006,0.84596,0.7205,0.95552,0.2738,0.070129,0.51894,0.54332,0.57364,0.25058,0.8624,0.61963,0.53702,0.051193,0.62857,0.42738,0.64354,0.83975,0.56044,0.67783,0.38789,0.80084,0.91856,0.74095,0.15668,0.2417,0.96938,0.28827,0.69022,0.19626,0.046387,0.56618,0.4536,0.46773,0.46579,0.52635,0.85765,0.12033,0.7592,0.00013733,0.32069,0.23036,0.014359,0.73428,0.10173,0.58647,0.21608,0.098877,0.93686,0.13515,0.88744,0.73859,0.47769,0.039063,0.58408,0.76456,0.095551,0.76721,0.918,0.96013,0.7655,0.20053
0.86374,0.42053,0.37029,0.92262,0.6835,0.23199,0.47762,0.2715,0.37988,0.38564,0.83803,0.94835,0.23264,0.30836,0.91653,0.083801,0.98073,0.5002,0.06221,0.72182,0.90788,0.3551,0.89215,0.62589,0.40347,0.21651,0.22801,0.11365,0.096283,0.61674,0.44562,0.24756,0.33223,0.25031,0.35046,0.64917,0.77499,0.76939,0.74829,0.011215,0.22214,0.97017,0.57693,0.86269,0.30864,0.29649,0.84038,0.57619,0.2683,0.33702,0.72966,0.35936,0.59869,0.17188,0.58963,0.45242,0.63113,0.60663,0.11885,0.072601,0.063889,0.87157,0.34552,0.91629,0.16705,0.63669,0.97691,0.54295,0.54327,0.90005,0.15868,0.22108,0.72786,0.90083,0.31555,0.01181,0.1412,0.068176,0.65125,0.6683,0.99944,0.43378,0.82518,0.22099,0.80988,0.74257,0.56721,0.46747,0.0036011,0.55658,0.45538,0.60359,0.23399,0.8454,0.072098,0.50803,0.83336,0.403,0.7394,0.8257,0.070068,0.63795,0.025406,0.29718,0.74712,0.8559,0.83687,0.73718,0.94696,0.64188,0.2717,0.85243,0.53593,0.11563,0.0032806,0.99333,0.3885,0.60222,0.62004,0.49733,0.25806,0.64105,0.63048,0.54155,0.4243,0.83804,0.52525,0.32504
0.15871,0.83395,0.080048,0.79227,0.59587,0.0784,0.57115,0.82547,0.5372,0.72688,0.96748,0.75305,0.70908,0.70195,0.088013,0.45949,0.031265,0.64981,0.46831,0.36861,0.9169,0.38707,0.76537,0.041809,0.85927,0.040405,0.94856,0.41901,0.14183,0.5309,0.36888,0.23602,0.8188,0.53189,0.38127,0.32512,0.2141,0.27979,0.45239,0.60745,0.84724,0.38301,0.5975,0.23103,0.81709,0.88228,0.14818,0.40366,0.40048,0.55943,0.28685,0.2025,0.15881,0.12584,0.2307,0.521,0.95403,0.67317,0.67926,0.41066,0.32738,0.41211,0.11819,0.18729,0.77765,0.28056,0.3663,0.028534,0.82553,0.6799,0.21684,0.16167,0.24873,0.69672,0.98117,0.13785,0.54233,0.049698,0.55757,0.036697,0.0061646,0.47011,0.80576,0.37074,0.64363,0.6678,0.16132,0.64685,0.080872,0.47061,0.4346,0.39255,0.38594,0.050644,0.61981,0.27615,0.61406,0.46959,0.67461,0.33827,0.27028,0.034042,0.15157,0.88629,0.63498,0.9496,0.45432,0.26158,0.8954,0.72331,0.14044,0.69397,0.61668,0.64799,0.82378,0.91435,0.58379,0.50777,0.37598,0.15031,0.58806,0.15926,0.39786,0.31644,0.65143,0.59828,0.6136,0.88943
0.41994,0.17819,0.60806,0.89478,0.24423,0.2935,0.56375,0.64383,0.40599,0.97742,0.89139,0.198,0.059296,0.34558,0.14592,0.16078,0.68512,0.39679,0.89946,0.98672,0.35367,0.74072,0.20393,0.76517,0.49666,0.42416,0.84074,0.71207,0.46321,0.98024,0.52139,0.71985,0.18515,0.81641,0.70703,0.87454,0.94705,0.60939,0.72478,0.82863,0.76378,0.8224,0.032196,0.019974,0.94861,0.91475,0.54852,0.18985,0.14891,0.82359,0.44905,0.39008,0.42308,0.86195,0.084549,0.74832,0.22191,0.48228,0.51656,0.10086,0.96739,0.25465,0.9465,0.095184,0.97333,0.3912,0.33676,0.68282,0.51797,0.93199,0.41557,0.074112,0.43613,0.96379,0.030029,0.054199,0.68805,0.75117,0.35008,0.12787,0.44298,0.86012,0.90221,0.69881,0.57581,0.33989,0.60585,0.049545,0.050888,0.94142,0.84377,0.94055,0.9904,0.22733,0.99861,0.40286,0.44736,0.91641,0.8947,0.60555,0.058289,0.69792,0.51357,0.097,0.080643,0.98169,0.47188,0.63069,0.85316,0.023941,0.73341,0.80243,0.57925,0.48389,0.41904,0.91661,0.85565,0.28172,0.54253,0.53648,0.35068,0.35509,0.96992,0.36804,0.87607,0.071152,0.36655,0.5993
0.29482,0.80104,0.31062,0.15512,0.20253,0.47707,0.9576,0.14154,0.057358,0.8405,0.4834,0.28922,0.65535,0.57536,0.96104,0.63107,0.79161,0.66805,0.27687,0.23111,0.41534,0.04039,0.93353,0.5831,0.63774,0.63554,0.22617,0.71912,0.67542,0.88345,0.56638,0.61252,0.086624,0.72247,0.83759,0.53885,0.37663,0.60849,0.74202,0.45848,0.83873,0.72046,0.50069,0.18214,0.95964,0.62567,0.89429,0.80873,0.8898,0.58412,0.1696,0.97351,0.16193,0.9481,0.37952,0.72858,0.020721,0.99026,0.23247,0.81091,0.25978,0.63292,0.5132,0.43246,0.6739,0.32518,0.89745,0.83389,0.77756,0.34387,0.17317,0.84216,0.4005,0.40147,0.46861,0.90611,0.31822,0.77689,0.75436,0.070419,0.69165,0.90846,0.93942,0.48871,0.6844,0.013519,0.49414,0.89455,0.28644,0.26514,0.24721,0.12733,0.61845,0.13423,0.64206,0.54013,0.89917,0.46039,0.82736,0.97675,0.18549,0.80803,0.76787,0.059387,0.27983,0.33118,0.97655,0.10432,0.6772,0.64928,0.19553,0.20435,0.78561,0.054764,0.94798,0.26909,0.53415,0.66394,0.75859,0.84454,0.50729,0.2099,0.01416,0.22881,0.69592,0.13013,0.3091,0.96841
0.10014,0.68764,0.58032,0.63895,0.70935,0.54639,0.91621,0.48329,0.26057,0.41127,0.49625,0.6447,0.48082,0.074478,0.81726,0.27147,0.74985,0.48662,0.12999,0.50871,0.14305,0.55386,0.80367,0.81557,0.76224,0.12445,0.8372,0.16682,0.89575,0.18637,0.856,0.15164,0.90594,0.65375,0.53871,0.77307,0.86732,0.62128,0.32404,0.66231,0.33955,0.6223,0.39398,0.35913,0.13374,0.77945,0.36671,0.50687,0.39195,0.71399,0.43317,0.59901,0.57854,0.11331,0.95125,0.95013,0.78445,0.71239,0.50633,0.41473,0.72144,0.078796,0.54358,0.38361,0.45552,0.2359,0.11844,0.6946,0.5835,0.41966,0.24466,0.72313,0.31216,0.34489,0.10347,0.14803,0.07164,0.24222,0.30777,0.24129,0.090286,0.71729,0.94572,0.041443,0.25531,0.26311,0.42625,0.09169,0.95306,0.65691,0.049225,0.48463,0.22348,0.88115,0.21091,0.1582,0.15215,0.05864,0.049393,0.87241,0.73457,0.33549,0.32483,0.48067,0.049957,0.62761,0.58461,0.039658,0.7045,0.37968,0.29955,0.29012,0.97443,0.967,0.88092,0.97223,0.98419,0.65845,0.3703,0.29665,0.33046,0.42146,0.61417,0.87045,0.53525,0.24664,0.75836,0.88217
0.80164,0.23755,0.31319,0.46953,0.49907,0.76665,0.94505,0.7939,0.82222,0.34157,0.36327,0.68352,0.82257,0.269,0.56886,0.096176,0.51727,0.17419,0.39697,0.49471,0.039871,0.7157,0.0050201,0.03093,0.91789,0.43431,0.44621,0.0078735,0.03656,0.094162,0.15169,0.58017,0.92131,0.041519,0.49748,0.56349,0.9104,0.1739,0.16118,0.91444,0.87674,0.8495,0.63179,0.3235,0.6963,0.71797,0.7186,0.37721,0.3866,0.1808,0.36082,0.34836,0.62785,0.04509,0.23627,0.81007,0.61192,0.32724,0.407,0.18163,0.040298,0.95074,0.35732,0.0075073,0.34143,0.2171,0.71803,0.89888,0.83583,0.21312,0.020386,0.91046,0.043167,0.64388,0.20641,0.12144,0.86967,0.91064,0.40263,0.30161,0.701,0.62135,0.11754,0.23903,0.73697,0.94162,0.76624,0.05777,0.47862,0.12268,0.59442,0.88805,0.062302,0.50235,0.079803,0.33179,0.1799,0.30467,0.15144,0.04158,0.67253,0.010178,0.36642,0.93382,0.86699,0.37323,0.11723,0.51799,0.028915,0.33195,0.77675,0.087784,0.064178,0.99074,0.60362,0.95726,0.51772,0.015701,0.20509,0.55318,0.71397,0.52425,0.4691,0.47276,0.018417,0.4039,0.54004,0.99527
0.86234,0.72327,0.019226,0.82747,0.37328,0.41679,0.92239,0.88757,0.43771,0.6611,0.29556,0.7012,0.70676,0.18475,0.52071,0.62851,0.33728,0.22168,0.57675,0.39629,0.95627,0.92996,0.83524,0.54373,0.18076,0.70529,0.72021,0.30333,0.071259,0.65868,0.71138,0.66696,0.22404,0.31454,0.25291,0.3797,0.72179,0.73001,0.56241,0.9818,0.17171,0.267,0.87878,0.86598,0.82806,0.84427,0.0093384,0.80408,0.85237,0.69534,0.5074,0.27165,0.079117,0.22749,0.091614,0.5251,0.12213,0.82021,0.22092,0.14415,0.24678,0.21651,0.80724,0.0090942,0.39085,0.14604,0.84897,0.8103,0.91975,0.35555,0.77798,0.66486,0.95284,0.16798,0.10579,0.72305,0.50613,0.91902,0.064743,0.63817,0.95056,0.54904,0.92357,0.52968,0.34132,0.76118,0.59619,0.66283,0.72377,0.55774,0.23015,0.32579,0.81744,0.46582,0.86414,0.93817,0.63432,0.77827,0.20517,0.16548,0.29938,0.83868,0.62268,0.88403,0.92555,0.23039,0.6208,0.92912,0.16583,0.79311,0.7437,0.74442,0.85689,0.18355,0.070801,0.56561,0.28943,0.64317,0.94997,0.7393,0.0046387,0.36322,0.18242,0.64601,0.79129,0.53801,0.5159,0.1434
0.63609,0.53616,0.98981,0.75388,0.88879,0.10146,0.92691,0.49913,0.88982,0.48622,0.085739,0.17615,0.31511,0.07962,0.60634,0.17924,0.25154,0.72372,0.39882,0.85799,0.74406,0.78493,0.88921,0.64166,0.77423,0.13423,0.31503,0.5822,0.19962,0.60376,0.21907,0.34369,0.039978,0.25954,0.18054,0.28261,0.52458,0.84143,0.30432,0.72057,0.82454,0.79514,0.80948,0.48334,0.55,0.85265,0.46051,0.13942,0.60193,0.6313,0.45161,0.99663,0.9982,0.038788,0.29681,0.12903,0.86148,0.25136,0.60268,0.58141,0.88126,0.75279,0.031021,0.65051,0.58066,0.64923,0.082367,0.33662,0.044159,0.7552,0.79855,0.30383,0.42876,0.50481,0.91347,0.30391,0.63957,0.19612,0.88756,0.79478,0.26056,0.50282,0.25613,0.44206,0.010864,0.96002,0.16859,0.82068,0.97993,0.22008,0.48775,0.58603,0.84529,0.90326,0.67772,0.10245,0.6624,0.43259,0.38785,0.41705,0.067444,0.92648,0.8101,0.65123,0.064194,0.079361,0.6411,0.12962,0.98959,0.88599,0.80688,0.10538,0.95282,0.76149,0.14668,0.42667,0.96992,0.052979,0.91605,0.20398,0.71269,0.78238,0.69514,0.57672,0.67033,0.65691,0.97025,0.38812
0.828,0.99869,0.56229,0.074554,0.14575,0.71033,0.78699,0.43861,0.91879,0.24422,0.24834,0.97234,0.25215,0.26212,0.58543,0.72609,0.56781,0.27492,0.92851,0.33241,0.051849,0.98915,0.41341,0.97058,0.1843,0.15797,0.17049,0.59717,0.29845,0.21101,0.32166,0.5686,0.11665,0.068222,0.50635,0.78679,0.2404,0.6264,0.92966,0.19421,0.16469,0.58926,0.72997,0.88411,0.1349,0.53889,0.57817,0.41945,0.79485,0.47469,0.1124,0.018768,0.60597,0.35742,0.47112,0.20311,0.69551,0.41095,0.64363,0.97408,0.13879,0.51402,0.99635,0.16156,0.73199,0.00086975,0.28966,0.32922,0.48752,0.18451,0.5479,0.36852,0.62395,0.23271,0.0080872,0.49265,0.99687,0.58325,0.1288,0.35484,0.87675,0.18959,0.62166,0.52711,0.79538,0.31677,0.30431,0.9686,0.15556,0.41621,0.0069122,0.30107,0.36037,0.38081,0.36227,0.021759,0.19792,0.97273,0.091599,0.13155,0.89513,0.50574,0.87477,0.74878,0.84148,0.41772,0.85172,0.067459,0.019012,0.94524,0.44762,0.41284,0.94733,0.3674,0.71204,0.72066,0.64874,0.57437,0.057724,0.058929,0.65636,0.27074,0.6554,0.070831,0.36774,0.089798,0.69859,0.27243
0.2961,0.5134,0.52501,0.8011,0.61311,0.70868,0.52745,0.72527,0.0061798,0.56898,0.94089,0.54213,0.86368,0.29736,0.82564,0.1992,0.31883,0.23727,0.19861,0.43852,0.61803,0.39845,0.99387,0.54787,0.39171,0.85965,0.28105,0.53299,0.3335,0.94142,0.17567,0.93561,0.21953,0.79872,0.82608,0.70488,0.90085,0.14246,0.42088,0.75185,0.209,0.78661,0.96394,0.36021,0.14946,0.40216,0.28444,0.91887,0.92291,0.61505,0.41246,0.82556,0.98643,0.88503,0.21216,0.70462,0.56757,0.17473,0.76813,0.26639,0.79781,0.067291,0.71352,0.89355,0.94032,0.72713,0.93584,0.68153,0.79256,0.15413,0.50293,0.74153,0.62859,0.51796,0.60216,0.011139,0.96347,0.29424,0.59906,0.35307,0.67987,0.97429,0.45908,0.16353,0.018845,0.1376,0.81421,0.97186,0.38014,0.88115,0.754,0.21796,0.51236,0.26622,0.81175,0.61978,0.26373,0.56221,0.39803,0.94637,0.14061,0.17714,0.98344,0.68845,0.87338,0.15643,0.93912,0.7684,0.081909,0.65044,0.4861,0.991,0.1396,0.62953,0.24173,0.21388,0.082657,0.6514,0.51833,0.32486,0.25435,0.3101,0.86247,0.12416,0.13026,0.72815,0.8461,0.51492
0.030624,0.23846,0.51045,0.13312,0.2506,0.20786,0.62585,0.36465,0.45612,0.2744,0.59167,0.20251,0.57741,0.79585,0.93793,0.46655,0.19528,0.5071,0.86494,0.88644,0.84203,0.67036,0.70976,0.21236,0.75761,0.14897,0.9447,0.5009,0.35112,0.072311,0.076797,0.31467,0.5603,0.34691,0.29779,0.51059,0.52965,0.023071,0.093002,0.52959,0.13428,0.60292,0.34908,0.86336,0.61528,0.069336,0.90929,0.38654,0.083862,0.75049,0.11111,0.29176,0.32329,0.69194,0.84264,0.98709,0.75072,0.95561,0.67186,0.7495,0.65854,0.263,0.52267,0.96176,0.30803,0.74583,0.0022278,0.44792,0.29198,0.0011292,0.39137,0.78326,0.46675,0.88768,0.13754,0.29713,0.44231,0.40652,0.86259,0.22659,0.075729,0.089325,0.903,0.37654,0.78636,0.40977,0.41571,0.36511,0.60693,0.34265,0.78636,0.23167,0.37756,0.48228,0.44051,0.025848,0.72675,0.6124,0.8511,0.50414,0.13512,0.69394,0.40634,0.39638,0.50706,0.71323,0.078842,0.99841,0.041199,0.17001,0.41522,0.48517,0.83597,0.12498,0.46617,0.063019,0.13806,0.5379,0.42485,0.77333,0.6635,0.593,0.99193,0.1788,0.68483,0.27798,0.14331,0.88681
0.41138,0.079605,0.73488,0.311,0.50862,0.46127,0.34705,0.82248,0.35556,0.87576,0.78236,0.19429,0.89186,0.14777,0.68825,0.39427,0.76376,0.23232,0.21347,0.81734,0.54308,0.050659,0.46284,0.6562,0.38751,0.58623,0.18529,0.46828,0.56526,0.71239,0.4586,0.4585,0.32224,0.039383,0.19196,0.35014,0.01445,0.5143,0.89865,0.59465,0.49178,0.83696,0.90331,0.85081,0.4473,0.80106,0.40865,0.27263,0.9435,0.70876,0.79645,0.17613,0.92117,0.99963,0.31314,0.8748,0.52197,0.58109,0.088135,0.31412,0.22746,0.042664,0.2825,0.74185,0.069977,0.73648,0.46512,0.61234,0.04129,0.077469,0.58705,0.44598,0.61215,0.8161,0.49899,0.91974,0.69905,0.97537,0.49249,0.53983,0.80402,0.87897,0.18159,0.76845,0.68556,0.30092,0.71634,0.061066,0.90027,0.54951,0.30241,0.73849,0.56801,0.39403,0.18457,0.29108,0.77649,0.5833,0.030777,0.22134,0.13335,0.9994,0.63239,0.56192,0.18315,0.476,0.39864,0.38304,0.022308,0.42584,0.88016,0.73814,0.67525,0.75226,0.32051,0.51299,0.72021,0.11742,0.097565,0.55688,0.36609,0.9828,0.92769,0.20607,0.40755,0.22478,0.35408,0.82587
0.051987,0.032959,0.27594,0.71793,0.26413,0.56332,0.079926,0.13506,0.58664,0.89673,0.73326,0.49478,0.69257,0.36209,0.79044,0.96086,0.18454,0.26042,0.010529,0.53825,0.55121,0.85165,0.55133,0.55141,0.97156,0.31187,0.57306,0.83659,0.79678,0.083069,0.093124,0.94507,0.60254,0.19614,0.76634,0.66031,0.50348,0.31215,0.49736,0.46875,0.90511,0.86339,0.0029755,0.28078,0.84656,0.24948,0.6105,0.40579,0.16005,0.27669,0.63983,0.6132,0.90584,0.32063,0.65076,0.54044,0.69814,0.15349,0.42638,0.078094,0.54938,0.3002,0.55156,0.70621,0.90775,0.68605,0.79329,0.93567,0.046783,0.55923,0.021667,0.65398,0.76146,0.30649,0.6093,0.81387,0.67384,0.45592,0.40688,0.045715,0.22038,0.3743,0.39368,0.88419,0.60132,0.38475,0.37134,0.59938,0.057587,0.32814,0.42308,0.55861,0.12257,0.60005,0.82584,0.16528,0.54062,0.39572,0.79213,0.2384,0.31978,0.69064,0.95692,0.96381,0.3302,0.90941,0.54182,0.10884,0.19388,0.21072,0.90346,0.4142,0.34186,0.91504,0.78712,0.35387,0.022385,0.7491,0.26448,0.1779,0.24622,0.49623,0.14555,0.050323,0.61472,0.78568,0.85135,0.12177
0.5784,0.90739,0.8631,0.73654,0.64212,0.055054,0.74335,0.81395,0.38661,0.78017,0.38585,0.55099,0.84918,0.92722,0.7751,0.34384,0.84979,0.089874,0.20964,0.22757,0.96355,0.59988,0.23332,0.79344,0.24159,0.27719,0.010864,0.65009,0.13252,0.95348,0.068237,0.41187,0.66008,0.9463,0.93968,0.74809,0.30904,0.45197,0.16855,0.61562,0.055099,0.59894,0.69583,0.62758,0.034805,0.35947,0.51619,0.23476,0.77193,0.92784,0.80467,0.98402,0.064621,0.83295,0.7955,0.024277,0.22063,0.20715,0.30418,0.95094,0.34587,0.55658,0.50165,0.52258,0.77254,0.49286,0.47774,0.67871,0.43709,0.57512,0.99623,0.37206,0.012756,0.65756,0.84114,0.12608,0.38148,0.44173,0.10875,0.26811,0.42758,0.15118,0.11967,0.45041,0.45813,0.10811,0.41803,0.75597,0.033768,0.5117,0.59018,0.64778,0.51924,0.25136,0.43239,0.54532,0.04425,0.86935,0.74214,0.61374,0.84402,0.28885,0.6628,0.51308,0.80226,0.27556,0.84776,0.97745,0.4744,0.39284,0.24733,0.020782,0.67348,0.55827,0.60912,0.41382,0.091003,0.81741,0.41736,0.074326,0.3223,0.73869,0.39995,0.95316,0.072418,0.90186,0.49998,0.25043
0.58775,0.62419,0.19771,0.98686,0.7187,0.98584,0.019104,0.23273,0.31705,0.60622,0.772,0.30762,0.28424,0.31093,0.46236,0.52614,0.181,0.86847,0.56822,0.36151,0.82527,0.26801,0.41164,0.71104,0.90155,0.76102,0.51772,0.34248,0.24324,0.6702,0.36478,0.84012,0.84662,0.095062,0.069763,0.72333,0.84222,0.25414,0.9192,0.66103,0.095978,0.33858,0.55663,0.95648,0.92749,0.70959,0.7518,0.55847,0.13606,0.24155,0.68028,0.88876,0.29468,0.22009,0.37872,0.40631,0.3727,0.75937,0.79282,0.61839,0.83163,0.018524,0.57103,0.64526,0.19394,0.072174,0.41747,0.70616,0.65968,0.92813,0.50433,0.43489,0.97968,0.73238,0.41922,0.32442,0.37794,0.92935,0.53152,0.56989,0.19994,0.71945,0.98007,0.28271,0.41888,0.5885,0.48915,0.25002,0.98868,0.235,0.86577,0.51254,0.69769,0.43431,0.52641,0.11438,0.88895,0.023956,0.61269,0.68385,0.33633,0.70581,0.33409,0.88885,0.24391,0.37836,0.62904,0.11203,0.48296,0.36496,0.097076,0.68695,0.065826,0.70261,0.32576,0.12372,0.17049,0.79407,0.27592,0.062653,0.72652,0.75279,0.94936,0.72565,0.49377,0.71895,0.68399,0.42862
0.28116,0.18193,0.44075,0.59662,0.67157,0.026932,0.98706,0.97752,0.715,0.84227,0.20995,0.51526,0.30234,0.23595,0.22379,0.82684,0.34058,0.64159,0.0015106,0.68829,0.66637,0.43958,0.19371,0.68793,0.18826,0.22478,0.68111,0.79738,0.90431,0.087051,0.98694,0.54828,0.74138,0.59656,0.47113,0.57909,0.28293,0.22542,0.26456,0.38297,0.79611,0.86734,0.92084,0.22774,0.30399,0.44568,0.94006,0.22289,0.96918,0.41971,0.4463,0.17827,0.64717,0.21109,0.72865,0.4409,0.29268,0.90186,0.54308,0.37231,0.4872,0.5076,0.53346,0.77814,0.98158,0.076752,0.7202,0.93311,0.58992,0.11302,0.8156,0.97342,0.36116,0.66484,0.62825,0.80539,0.13092,0.38492,0.91283,0.99236,0.52632,0.083603,0.25847,0.82878,0.71298,0.53926,0.78813,0.4442,0.83621,0.4576,0.36816,0.0040436,0.88335,0.39732,0.70213,0.84863,0.42294,0.16357,0.2298,0.93799,0.33006,0.76245,0.7341,0.63918,0.17941,0.57281,0.10793,0.96638,0.28296,0.0074158,0.74901,0.42215,0.50577,0.066788,0.88802,0.75432,0.86131,0.0082703,0.88475,0.46393,0.60966,0.1161,0.63213,0.76898,0.64644,0.235,0.16154,0.61124
0.18936,0.75381,0.19128,0.5435,0.34991,0.73555,0.091721,0.78876,0.91995,0.44131,0.96266,0.071411,0.93605,0.5482,0.9062,0.14243,0.61874,0.0034637,0.40108,0.58536,0.46718,0.13406,0.29906,0.41811,0.70346,0.74918,0.37347,0.82631,0.71881,0.35283,0.26089,0.53354,0.87566,0.63724,0.15855,0.8158,0.70679,0.090317,0.47375,0.68356,0.11298,0.96806,0.60667,0.61775,0.39604,0.61749,0.77742,0.76942,0.29018,0.75887,0.42166,0.64392,0.073944,0.63568,0.14769,0.27383,0.17145,0.77905,0.96666,0.096588,0.41931,0.82404,0.15248,0.27353,0.007019,0.92166,0.47638,0.03418,0.85808,0.92557,0.11674,0.98657,0.18571,0.89508,0.96008,0.71594,0.35912,0.95163,0.019882,0.53065,0.69789,0.30299,0.26636,0.011063,0.30418,0.62831,0.32152,0.658,0.42104,0.83177,0.01976,0.63309,0.50224,0.8795,0.48244,0.8804,0.5128,0.95779,0.72873,0.84032,0.68967,0.71242,0.42371,0.76573,0.58202,0.86107,0.61029,0.82867,0.054672,0.38097,0.010986,0.51427,0.077499,0.34621,0.18275,0.54208,0.39995,0.65494,0.09494,0.75365,0.5795,0.067291,0.25905,0.9826,0.10338,0.64105,0.33446,0.58566
0.52467,0.78398,0.23625,0.40871,0.40143,0.012802,0.55978,0.70764,0.88316,0.68349,0.31183,0.074158,0.63229,0.27229,0.052216,0.54434,0.31706,0.44826,0.98135,0.60498,0.19182,0.66132,0.54803,0.069672,0.41988,0.60376,0.80049,0.28395,0.18651,0.1813,0.037643,0.4881,0.59431,0.27231,0.16513,0.91075,0.5761,0.74049,0.77336,0.57732,0.82968,0.50609,0.65488,0.51634,0.28552,0.61366,0.17374,0.72395,0.87163,0.56059,0.027588,0.97737,0.75798,0.55901,0.95413,0.96585,0.41278,0.63841,0.91953,0.88377,0.5744,0.075668,0.75453,0.041626,0.60785,0.87778,0.61731,0.58957,0.44362,0.11813,0.91095,0.87001,0.96477,0.087891,0.6167,0.02594,0.34314,0.3687,0.95174,0.82202,0.52222,0.99255,0.24815,0.2549,0.98145,0.90208,0.59055,0.63016,0.98323,0.64319,0.93396,0.26271,0.52435,0.47519,0.28604,0.12921,0.93385,0.89697,0.63881,0.062912,0.8054,0.78302,0.35965,0.24046,0.53058,0.37659,0.93539,0.83319,0.56641,0.94632,0.84215,0.86716,0.55196,0.73785,0.085556,0.58084,0.91953,0.69371,0.60071,0.20825,0.1662,0.35765,0.39334,0.80464,0.20705,0.29855,0.76288,0.48889
0.37105,0.91246,0.056458,0.90102,0.60751,0.99776,0.93596,0.27429,0.7666,0.83971,0.66113,0.063187,0.59425,0.38376,0.65552,0.2184,0.42233,0.72771,0.55234,0.64857,0.16823,0.52037,0.55959,0.97914,0.089127,0.062408,0.50456,0.14189,0.44266,0.99437,0.14069,0.67761,0.46077,0.62737,0.55309,0.39291,0.79384,0.96077,0.85509,0.50856,0.31882,0.83322,0.047852,0.64214,0.90588,0.50323,0.017563,0.10605,0.13055,0.59702,0.10316,0.61058,0.66251,0.60924,0.29778,0.14633,0.492,0.33363,0.94019,0.11237,0.78964,0.78033,0.30444,0.80499,0.41878,0.39015,0.32141,0.061325,0.569,0.5173,0.88452,0.22371,0.4095,0.73721,0.43427,0.94707,0.46071,0.52763,1.5259e-005,0.72791,0.20453,0.94603,0.57217,0.71855,0.68324,0.82016,0.14317,0.85506,0.71925,0.071152,0.66086,0.52393,0.55904,0.91348,0.22456,0.793,0.33868,0.89484,0.92953,0.85146,0.14276,0.40369,0.57567,0.31123,0.10258,0.43484,0.66388,0.36844,0.31938,0.53365,0.035095,0.97125,0.1181,0.1557,0.50922,0.87712,0.62523,0.27325,0.95944,0.14749,0.20134,0.6115,0.10185,0.70276,0.021164,0.71054,0.81407,0.75461
0.17857,0.91014,0.57243,0.45868,0.30763,0.6297,0.44142,0.63472,0.99777,0.78325,0.14168,0.023682,0.1002,0.59181,0.097748,0.48969,0.29292,0.54776,0.63306,0.30656,0.74124,0.42946,0.34346,0.85762,0.14401,0.5076,0.48598,0.8456,0.068466,0.053207,0.009079,0.83383,0.99693,0.69861,0.67747,0.51601,0.12143,0.21611,0.84265,0.7,0.20668,0.33447,0.39453,0.53687,0.46915,0.97043,0.67413,0.81282,0.94604,0.064224,0.49869,0.3237,0.036011,0.36046,0.48787,0.57228,0.65327,0.014847,0.17514,0.82375,0.14445,0.78745,0.592,0.83908,0.49115,0.67224,0.43001,0.35849,0.4539,0.42871,0.64897,0.54547,0.56099,0.42546,0.050598,0.91449,0.17984,0.41588,0.66924,0.82976,0.32541,0.020523,0.083298,0.85469,0.13483,0.35626,0.21442,0.97701,0.34641,0.7738,0.42004,0.54491,0.74266,0.54951,0.7249,0.63382,0.48302,0.48007,0.58319,0.44168,0.93651,0.70319,0.10925,0.16574,0.83133,0.81226,0.43073,0.43182,0.89923,0.32159,0.36853,0.14359,0.81288,0.78517,0.54709,0.23032,0.72198,0.31421,0.81677,0.3914,0.94757,0.20636,0.62254,0.66147,0.40404,0.49623,0.81926,0.076874
0.46704,0.84026,0.39059,0.14348,0.84628,0.029495,0.37621,0.41397,0.38399,0.53818,0.66853,0.40498,0.46204,0.1331,0.70433,0.77174,0.83871,0.31836,0.74495,0.97853,0.54865,0.27724,0.12062,0.34543,0.65187,0.81758,0.46461,0.92586,0.8342,0.59474,0.0074768,0.4393,0.43748,0.55029,0.55704,0.56215,0.71321,0.37743,0.59035,0.93291,0.060349,0.022141,0.13243,0.46066,0.33862,0.76019,0.37646,0.028183,0.85902,0.37698,0.85843,0.47826,0.89532,0.42154,0.5042,0.12823,0.05484,0.10349,0.64717,0.397,0.68867,0.33911,0.63,0.71786,0.3716,0.23082,0.32939,0.84883,0.41777,0.68253,0.4765,0.87697,0.83224,0.11499,0.20464,0.31799,0.090836,0.013718,0.78221,0.50969,0.75523,0.0098572,0.067093,0.4832,0.21759,0.19453,0.74596,0.81886,0.37447,0.54726,0.012024,0.45673,0.48355,0.79668,0.8752,0.22128,0.21033,0.69928,0.49974,0.86813,0.12869,0.77402,0.52513,0.14581,0.57153,0.26926,0.68175,0.079391,0.22411,0.46506,0.80141,0.74991,0.27982,0.73914,0.77892,0.80696,0.83011,0.25345,0.78172,0.63756,0.54768,0.29201,0.6844,0.31589,0.45416,0.76193,0.63649,0.073334
0.19579,0.71671,0.8694,0.79318,0.28923,0.3055,0.679,0.13341,0.84499,0.17361,0.31671,0.81845,0.4922,0.18188,0.34297,0.97951,0.41302,0.78792,0.75954,0.94952,0.32213,0.9975,0.11848,0.086197,0.43364,0.2341,0.85103,0.13391,0.65497,0.022797,0.057861,0.21466,0.89406,0.29741,0.95418,0.31448,0.57738,0.95285,0.047256,0.47424,0.4816,0.30765,0.83405,0.10046,0.27396,0.85783,0.65387,0.47495,0.64838,0.31604,0.13394,0.41119,0.34843,0.096191,0.50188,0.73503,0.61644,0.80946,0.98419,0.98132,0.32825,0.42966,0.74701,0.22952,0.64478,0.5517,0.35977,0.83517,0.53688,0.56998,0.77719,0.4715,0.66324,0.081619,0.91553,0.90938,0.093582,0.30463,0.0072784,0.40955,0.43156,0.80388,0.38695,0.89899,0.22092,0.46605,0.21059,0.067902,0.14456,0.32596,0.14963,0.90474,0.87869,0.36047,0.57892,0.45236,0.08252,0.32634,0.6709,0.11169,0.17842,0.96539,0.88708,0.64737,0.98071,0.41402,0.19319,0.42543,0.56915,0.73531,0.11897,0.21626,0.13429,0.4518,0.40535,0.035721,0.89203,0.96516,0.073578,0.95927,0.31377,0.5191,0.25745,0.36932,0.68056,0.85872,0.71663,0.21191
0.66647,0.52248,0.1207,0.99875,0.36136,0.50702,0.56857,0.46219,0.24133,0.77289,0.083115,0.38829,0.59877,0.99513,0.20345,0.88547,0.1964,0.14381,0.41069,0.61388,0.20857,0.032013,0.59955,0.48119,0.8884,0.69208,0.79538,0.010498,0.27788,0.82021,0.79868,0.23306,0.83549,0.16144,0.45573,0.22562,0.74554,0.4223,0.45561,0.81841,0.68935,0.61569,0.36382,0.48625,0.53398,0.48134,0.37823,0.28625,0.07048,0.53957,0.45676,0.70755,0.59018,0.96284,0.55531,0.39975,0.51984,0.85445,0.87283,0.72963,0.58238,0.77199,0.22827,0.12689,0.16833,0.43942,0.62573,0.70744,0.47804,0.71773,0.74597,0.61768,0.66838,0.17618,0.80437,0.25883,0.66904,0.44057,0.78648,0.1192,0.32254,0.84279,0.31036,0.89516,0.8279,0.042526,0.627,0.36188,0.28857,0.053207,0.96355,0.78995,0.19334,0.92603,0.83783,0.093018,0.83957,0.75847,0.035263,0.67444,0.94962,0.0038757,0.16525,0.0054626,0.61667,0.29716,0.92375,0.24297,0.9245,0.40295,0.6028,0.69183,0.82666,0.42189,0.21973,0.27049,0.35251,0.95262,0.99156,0.16115,0.81264,0.64006,0.64491,0.17134,0.47533,0.73613,0.056213,0.47086
0.17583,0.65039,0.35707,0.62425,0.88252,0.43153,0.012253,0.24966,0.93878,0.5547,0.68498,0.77666,0.38855,0.28482,0.23578,0.93037,0.81941,0.10744,0.83656,0.019806,0.28761,0.0064545,0.27928,0.75992,0.89005,0.99736,0.0097046,0.90654,0.90648,0.11993,0.74347,0.64935,0.85487,0.43686,0.99886,0.97267,0.76567,0.70103,0.32021,0.26151,0.16896,0.039627,0.16055,0.21512,0.48755,0.091537,0.43857,0.31371,0.83226,0.95508,0.042892,0.52063,0.4321,0.89584,0.19601,0.082458,0.51752,0.27444,0.29967,0.43576,0.79416,0.35637,0.868,0.10672,0.82086,0.17642,0.83528,0.17557,0.82869,0.89085,0.37157,0.8396,0.97839,0.95706,0.6355,0.72531,0.81221,0.13536,0.97729,0.04863,0.2347,0.99481,0.44519,0.53374,0.06987,0.28813,0.34526,0.82593,0.39896,0.6702,0.66251,0.7827,0.27733,0.013565,0.58717,0.016815,0.78885,0.82741,0.55077,0.97035,0.3476,0.12772,0.51852,0.11198,0.71037,0.93115,0.071106,0.16171,0.94466,0.0051575,0.94434,0.64819,0.42128,0.743,0.17224,0.70009,0.25745,0.051331,0.64449,0.99161,0.36255,0.4039,0.495,0.88095,0.21112,0.6526,0.74561,0.90726
0.10849,0.77943,0.48036,0.88963,0.64854,0.47498,0.31306,0.56424,0.44296,0.20998,0.84544,0.40144,0.91685,0.69467,0.37903,0.60852,0.28192,0.71004,0.5219,0.89436,0.0056305,0.31549,0.62267,0.67897,0.094589,0.60925,0.31277,0.85724,0.98035,0.43828,0.59071,0.59644,0.93153,0.47411,0.18866,0.77094,0.5643,0.33957,0.72008,0.025894,0.6001,0.92744,0.9738,0.33121,0.39354,0.29913,0.6138,0.98091,0.73138,0.57645,0.99055,0.0092926,0.01416,0.41106,0.72235,0.028793,0.64264,0.65157,0.59607,0.67639,0.7737,0.41493,0.73148,0.60834,0.36005,0.81409,0.16405,0.29747,0.15315,0.75916,0.1526,0.18903,0.97133,0.80074,0.52043,0.074707,0.45065,0.12332,0.19815,0.47728,0.0038452,0.89316,0.36528,0.54562,0.97894,0.20482,0.80092,0.61996,0.041992,0.95897,0.47459,0.89832,0.59158,0.69582,0.82851,0.37622,0.22081,0.5079,0.10388,0.37036,0.28787,0.91878,0.10005,0.36691,0.22942,0.56197,0.49162,0.6131,0.36176,0.72508,0.4279,0.46988,0.46674,0.042221,0.11594,0.5945,0.034729,0.55772,0.1514,0.67732,0.33704,0.32071,0.72926,0.45447,0.20979,0.0080719,0.041718,0.59195
0.38861,0.43509,0.69449,0.19096,0.18213,0.11076,0.61993,0.19067,0.7142,0.020004,0.43591,0.73456,0.73466,0.42847,0.68428,0.45735,0.27536,0.4364,0.61426,0.94313,0.1483,0.067215,0.36902,0.021698,0.61516,0.50497,0.19565,0.068771,0.98102,0.63554,0.80124,0.65363,0.10721,0.53891,0.69963,0.035583,0.035812,0.71419,0.13292,0.054276,0.49359,0.45024,0.32594,0.64853,0.56409,0.43257,0.26688,0.034073,0.82452,0.13474,0.94388,0.68597,0.95731,0.2366,0.56233,0.70639,0.87187,0.89589,0.17979,0.91843,0.013428,0.38708,0.16891,0.92178,0.71184,0.19231,0.18481,0.83066,0.084198,0.0085297,0.07692,0.15205,0.21606,0.93994,0.8176,0.96376,0.60522,0.35841,0.50139,0.61485,0.81514,0.52927,0.27313,0.8138,0.093628,0.62202,0.6376,0.97516,0.99094,0.44662,0.079117,0.41243,0.11597,0.6265,0.95656,0.50339,0.92444,0.25244,0.09288,0.4368,0.17488,0.42131,0.44087,0.44136,0.64565,0.96642,0.83276,0.34288,0.56152,0.19226,0.032349,0.71428,0.84323,0.80272,0.17749,0.18661,0.821,0.84526,0.97906,0.3877,0.72102,0.36047,0.37811,0.42387,0.12575,0.15074,0.29442,0.3382
0.34982,0.63901,0.40198,0.098541,0.36845,0.71953,0.71101,0.86273,0.50578,0.97231,0.86641,0.082932,0.64697,0.89372,0.095428,0.88139,0.84851,0.34956,0.98549,0.81593,0.34972,0.33934,0.28749,0.33801,0.19878,0.00177,0.53842,0.40111,0.35623,0.16986,0.20364,0.97656,0.90369,0.91069,0.25017,0.18474,0.44197,0.31349,0.12827,0.20352,0.35094,0.85078,0.93655,0.60625,0.3472,0.097183,0.4716,0.073044,0.99779,0.13066,0.10493,0.82104,0.37683,0.44269,0.88707,0.91496,0.061859,0.78513,0.9982,0.35263,0.25476,0.027451,0.21556,0.068329,0.72212,0.6454,0.99379,0.16994,0.61774,0.54912,0.62714,0.074783,0.73886,0.67426,0.22003,0.98665,0.88261,0.33658,0.99667,0.1951,0.72998,0.25418,0.65506,0.24031,0.94856,0.22235,0.18181,0.63242,0.71011,0.42691,0.022385,0.92354,0.28688,0.044983,0.83076,0.18039,0.94295,0.40877,0.70978,0.5688,0.23267,0.46341,0.088486,0.10712,0.69392,0.30905,0.027405,0.26414,0.47568,0.16769,0.96367,0.93727,0.012772,0.25644,0.91328,0.9547,0.095551,0.59277,0.88193,0.82721,0.15767,0.38452,0.26259,0.4041,0.53787,0.44279,0.04599,0.044739
0.26939,0.77313,0.052628,0.054047,0.89908,0.41417,0.63423,0.16739,0.6042,0.023712,0.51915,0.75635,0.162,0.1268,0.76488,0.17175,0.5883,0.25829,0.3,0.25063,0.40526,0.45767,0.25941,0.99626,0.39525,0.25362,0.82895,0.36409,0.043839,0.43596,0.78412,0.83072,0.035904,0.66037,0.32648,0.86406,0.79512,0.73257,0.074295,0.40848,0.9949,0.10161,0.49368,0.22638,0.90945,0.77475,0.56007,0.85896,0.3582,0.28023,0.24687,0.05954,0.19778,0.048035,0.21878,0.43016,0.53746,0.22362,0.87552,0.022507,0.0513,0.7242,0.20271,0.99411,0.64703,0.76274,0.58582,0.24776,0.14986,0.36974,0.70636,0.89507,0.6521,0.32188,0.38083,0.15646,0.42642,0.57262,0.14268,0.98305,0.95805,0.35327,0.090668,0.67696,0.80049,0.10585,0.14641,0.032791,0.8829,0.179,0.34514,0.84361,0.099518,0.3101,0.15703,0.0020142,0.093521,0.41583,0.54802,0.71127,0.56686,0.78932,0.1702,0.82773,0.78114,0.45299,0.11349,0.43707,0.47966,0.75612,0.54344,0.47893,0.30669,0.17682,0.71533,0.14261,0.21022,0.27461,0.31491,0.56854,0.29788,0.49367,0.72552,0.62169,0.28163,0.59172,0.27893,0.98206
0.68451,0.9619,0.32008,0.66679,0.14801,0.98302,0.0023499,0.60513,0.26602,0.94446,0.30348,0.39642,0.31139,0.021851,0.12013,0.47318,0.91997,0.59781,0.78481,0.77502,0.58786,0.41605,0.11688,0.69948,0.85664,0.26622,0.23131,0.50743,0.54448,0.28375,0.17305,0.63272,0.86974,0.80725,0.91609,0.578,0.29712,0.59685,0.33804,0.034958,0.26509,0.95981,0.92503,0.43866,0.14572,0.5529,0.20894,0.49342,0.63089,0.9437,0.21671,0.014603,0.81689,0.19965,0.52747,0.96158,0.9583,0.19009,0.24269,0.73593,0.05307,0.96524,0.97667,0.081482,0.24049,0.74815,0.61104,0.88058,0.62488,0.36748,0.97917,0.17482,0.29814,0.98943,0.68047,0.35223,0.94038,0.61592,0.38289,0.44029,0.20898,0.12767,0.78267,0.5316,0.37347,0.5005,0.69824,0.48578,0.66185,0.85034,0.20332,0.77888,0.0019073,0.53282,0.33817,0.49438,0.98433,0.36659,0.44429,0.016647,0.21938,0.82669,0.63637,0.39314,0.32542,0.92458,0.17107,0.058304,0.35686,0.74171,0.80061,0.42764,0.11531,0.51117,0.21121,0.6221,0.26131,0.89983,0.84889,0.40894,0.066742,0.044983,0.1263,0.19292,0.10808,0.46332,0.061401,0.66422
0.46539,0.59918,0.66449,0.80505,0.46695,0.78418,0.071976,0.95479,0.4276,0.80963,0.1259,0.65402,0.049179,0.99011,0.56673,0.33936,0.30295,0.77434,0.7912,0.69495,0.4691,0.16673,0.056442,0.25551,0.3824,0.68719,0.034729,0.86497,0.17197,0.54459,0.7419,0.012634,0.43199,0.062973,0.11473,0.35422,0.90936,0.99226,0.45074,0.83589,0.066513,0.53391,0.21817,0.95471,0.63695,0.4855,0.16731,0.13214,0.9281,0.31232,0.2019,0.92474,0.054474,0.70029,0.62584,0.073654,0.50003,0.90326,0.34972,0.021347,0.26314,0.43956,0.84872,0.31766,0.23141,0.15244,0.68295,0.12929,0.66931,0.2836,0.20828,0.06488,0.09433,0.096954,0.27974,0.11913,0.25922,0.48006,0.69659,0.075912,0.17943,0.48175,0.1454,0.13777,0.19408,0.90312,0.27219,0.98225,0.76686,0.3354,0.74535,0.83261,0.12703,0.40979,0.5107,0.7352,0.93282,0.21533,0.97531,0.18748,0.24747,0.60014,0.79085,0.60629,0.58829,0.67162,0.44661,0.57826,0.11865,0.57811,0.72058,0.4079,0.12506,0.016251,0.53778,0.28528,0.96782,0.021194,0.65817,0.11853,0.38867,0.8454,0.90059,0.61429,0.24843,0.47293,0.028397,0.91
0.4071,0.53366,0.18707,0.60487,0.86102,0.90839,0.73677,0.9126,0.27127,0.42662,0.86896,0.6884,0.070038,0.6055,0.97858,0.258,0.9608,0.078354,0.87042,0.28098,0.38966,0.82941,0.3412,0.58572,0.9267,0.4192,0.82527,0.090637,0.38924,0.56262,0.052383,0.57794,0.31517,0.20279,0.088608,0.94991,0.74609,0.74457,0.1817,0.93126,0.25409,0.79799,0.79401,0.85452,0.60152,0.6904,0.99205,0.031448,0.61491,0.92035,0.10548,0.0026855,0.22801,0.30737,0.071808,0.73407,0.60036,0.43077,0.93268,0.56935,0.85979,0.27444,0.71996,0.44046,0.028854,0.45097,0.29417,0.78404,0.93376,0.97844,0.82071,0.75313,0.48434,0.0028839,0.11093,0.94963,0.91037,0.08139,0.8331,0.89064,0.66708,0.087555,0.66144,0.66222,0.14032,0.78044,0.64503,0.18497,0.027206,0.34573,0.56172,0.68874,0.62663,0.0064697,0.68625,0.13971,0.55505,0.76636,0.87489,0.34352,0.8508,0.60721,0.95132,0.73726,0.23468,0.091248,0.31006,0.36137,0.40717,0.68393,0.63455,0.26598,0.13686,0.93491,0.95313,0.86087,0.72664,0.41234,0.96318,0.80757,0.30528,0.038589,0.34309,0.87125,0.35751,0.39458,0.99121,0.064972
0.61302,0.66685,0.9632,0.41206,0.70416,0.34912,0.69009,0.26704,0.70215,0.22116,0.91182,0.014435,0.41542,0.84604,0.29729,0.01651,0.18979,0.11398,0.30725,0.21742,0.53842,0.20714,0.32016,0.052536,0.87315,0.66855,0.90584,0.0067902,0.67328,0.67317,0.34808,0.46259,0.82251,0.38802,0.11021,0.77467,0.48061,0.16898,0.17671,0.29454,0.95804,0.70117,0.16281,0.47432,0.70779,0.99139,0.87271,0.62112,0.65303,0.41051,0.022476,0.7648,0.89648,0.1468,0.28493,0.79088,0.62949,0.83281,0.84203,0.96956,0.74791,0.063751,0.16537,0.4649,0.6794,0.81152,0.4628,0.00093079,0.59898,0.77567,0.78149,0.92465,0.47246,0.92093,0.38199,0.40016,0.64368,0.46954,0.54558,0.2066,0.52882,0.78087,0.093933,0.92113,0.28105,0.8588,0.3736,0.84006,0.77875,0.74466,0.76323,0.25116,0.4268,0.015778,0.8606,0.42508,0.85555,0.73959,0.64676,0.77693,0.20883,0.88525,0.77975,0.89177,0.22679,0.75638,0.70399,0.46227,0.9519,0.46414,0.12367,0.8979,0.46982,0.29805,0.58862,0.34744,0.44621,0.31903,0.014038,0.24249,0.80249,0.77199,0.80676,0.24684,0.75717,0.43077,0.10248,0.55682
0.21419,0.34563,0.0088348,0.29425,0.42657,0.66705,0.84573,0.95973,0.74986,0.58354,0.1245,0.33635,0.36426,0.41844,0.21747,0.28,0.52357,0.35583,0.54604,0.24426,0.10025,0.27051,0.7339,0.92236,0.84827,0.20177,0.83347,0.75699,0.5976,0.72992,0.58943,0.28979,0.3524,0.025726,0.82285,0.40215,0.7372,0.10785,0.60464,0.56906,0.64023,0.4371,0.90446,0.59253,0.73193,0.15504,0.78004,0.54111,0.51433,0.15976,0.76901,0.42024,0.37811,0.24675,0.1678,0.0023193,0.62881,0.030075,0.55334,0.78053,0.30472,0.25594,0.73512,0.81927,0.20581,0.18742,0.92252,0.044815,0.4948,0.34662,0.38345,0.11905,0.54742,0.78874,0.72159,0.58528,0.80029,0.78845,0.52972,0.59804,0.44463,0.5715,0.18391,0.34482,0.23541,0.59494,0.91106,0.56726,0.0087433,0.71684,0.32469,0.18767,0.52863,0.89589,0.85545,0.95438,0.32669,0.84602,0.41801,0.39952,0.94833,0.82224,0.4391,0.24417,0.42448,0.11627,0.47699,0.59586,0.99173,0.67455,0.029083,0.93886,0.3623,0.05365,0.34251,0.94014,0.96666,0.29324,0.38129,0.95695,0.7995,0.090347,0.5808,0.0032501,0.18999,0.24829,0.54826,0.15704
0.15471,0.57806,0.62256,0.039322,0.88409,0.79482,0.71651,0.25053,0.073212,0.17844,0.51398,0.54543,0.2574,0.87459,0.023834,0.42441,0.80867,0.84758,0.03891,0.43053,0.074982,0.43842,0.49963,0.47653,0.85378,0.58849,0.37915,0.74223,0.4769,0.099411,0.7272,0.028351,0.74521,0.45226,0.020264,0.0052032,0.022095,0.33336,0.11461,0.69896,0.90004,0.060654,0.35504,0.46883,0.16328,0.42982,0.039749,0.75529,0.22545,0.55203,0.24583,0.86618,0.40828,0.20178,0.78697,0.24915,0.12476,0.62314,0.94305,0.80573,0.56252,0.96924,0.7364,0.62405,0.40839,0.77687,0.89853,0.43936,0.4502,0.15529,0.8076,0.45396,0.29016,0.17073,0.33365,0.44128,0.41872,0.26723,0.87448,0.81831,0.43285,0.51447,0.66768,0.048935,0.59232,0.71878,0.28044,0.55061,0.16492,0.085693,0.677,0.15378,0.60225,0.51225,0.69308,0.8779,0.13795,0.48824,0.26443,0.54021,0.77116,0.18567,0.75873,0.59261,0.4574,0.58104,0.80223,0.047791,0.38531,0.60318,0.40031,0.81947,0.12769,0.29037,0.25119,0.63933,0.3474,0.78955,0.85297,0.51488,0.42471,0.62082,0.42802,0.36525,0.2706,0.65028,0.13329,0.48251
0.04747,0.58031,0.83351,0.38496,0.11632,0.057312,0.93828,0.10054,0.53262,0.40852,0.67789,0.99677,0.26933,0.88434,0.50365,0.82458,0.098862,0.42915,0.91699,0.12146,0.39786,0.010406,0.67188,0.74667,0.46362,0.69759,0.4321,0.71481,0.22232,0.19951,0.4369,0.09137,0.69525,0.20808,0.55539,0.7562,0.49791,0.53998,0.21895,0.13132,0.48952,0.59467,0.18306,0.20087,0.86594,0.0092621,0.10448,0.84515,0.99492,0.95293,0.25381,0.92902,0.5666,0.127,0.45874,0.29886,0.11951,0.013565,0.38539,0.10551,0.80603,0.40128,0.34668,0.64423,0.8873,0.28267,0.33293,0.27225,0.97348,0.48433,0.15486,0.4926,0.19255,0.14987,0.16441,0.86104,0.0057983,0.50789,0.24023,0.23701,0.54642,0.14217,0.15375,0.33113,0.87411,0.6528,0.33669,0.035355,0.49599,0.74252,0.55121,0.53781,0.53076,0.66855,0.074661,0.12085,0.054611,0.27367,0.55966,0.36488,0.92459,0.37297,0.39972,0.74615,0.59796,0.63699,0.19008,0.74379,0.79521,0.51503,0.93359,0.40054,0.70322,0.83228,0.46306,0.76028,0.47459,0.71216,0.61606,0.57883,0.24896,0.19321,0.92433,0.89943,0.19705,0.025131,0.67114,0.51065
0.60608,0.68275,0.34341,0.48555,0.87007,0.81816,0.6058,0.26242,0.9756,0.31253,0.089813,0.77501,0.17589,0.50403,0.83983,0.25392,0.11926,0.41264,0.29587,0.039673,0.059128,0.54189,0.53021,0.72005,0.23708,0.8517,0.5666,0.44987,0.49884,0.41621,0.95796,0.32175,0.71312,0.49713,0.90115,0.24226,0.72903,0.80228,0.38115,0.73233,0.22037,0.71146,0.35278,0.2128,0.87572,0.51822,0.64455,0.055023,0.29524,0.065506,0.19466,0.60638,0.88908,0.95085,0.70178,0.87749,0.22916,0.050644,0.41534,0.35155,0.89148,0.70033,0.28476,0.95148,0.35692,0.60316,0.25542,0.70197,0.88623,0.51962,0.49437,0.66602,0.74051,0.88628,0.94418,0.086761,0.30809,0.59923,0.55084,0.67342,0.71036,0.029541,0.1745,0.98935,0.5314,0.9044,0.046158,0.19762,0.18338,0.98024,0.44339,0.6524,0.73856,0.40555,0.76659,0.21545,0.21242,0.085999,0.79543,0.63268,0.75818,0.39662,0.6665,0.40683,0.69063,0.82765,0.58107,0.58923,0.15477,0.7049,0.074066,0.83153,0.11403,0.79936,0.99976,0.46046,0.92885,0.16049,0.66972,0.95763,0.11786,0.30087,0.66911,0.94385,0.38068,0.66393,0.16751,0.22452
0.34726,0.2477,0.95772,0.79878,0.00015259,0.15102,0.32129,0.90604,0.62132,0.46063,0.79663,0.58101,0.31297,0.35201,0.32365,0.77832,0.93471,0.46111,0.079025,0.2742,0.6924,0.55644,0.40913,0.39268,0.73796,0.98911,0.46088,0.025299,0.65677,0.051437,0.29755,0.11163,0.19168,0.35945,0.63765,0.36871,0.030472,0.13609,0.95016,0.94827,0.96078,0.99217,0.87616,0.57736,0.10202,0.19728,0.67688,0.010086,0.6566,0.18587,0.55809,0.011856,0.62254,0.98044,0.42839,0.34775,0.22702,0.25989,0.6395,0.70062,0.29327,0.48444,0.22955,0.42972,0.88663,0.60493,0.059021,0.47787,0.032272,0.1647,0.69437,0.84622,0.12508,0.92909,0.71564,0.61389,0.55511,0.88953,0.32201,0.53612,0.15105,0.61194,0.73082,0.53709,0.76323,0.077698,0.4044,0.13289,0.21858,0.24202,0.059128,0.84792,0.55261,0.61856,0.84015,0.54367,0.83731,0.54816,0.75349,0.27361,0.3602,0.81133,0.3454,0.61305,0.57379,0.041275,0.40388,0.99585,0.58769,0.71977,0.74626,0.13448,0.28357,0.98331,0.29872,0.056,0.68111,0.62318,0.92683,0.18857,0.090042,0.86514,0.85565,0.10826,0.5006,0.68494,0.69682,0.045898
0.17351,0.2285,0.78387,0.29114,0.74884,0.94096,0.9039,0.018616,0.93018,0.01178,0.72421,0.27864,0.58897,0.96185,0.46449,0.78439,0.90509,0.20689,0.24358,0.57716,0.63048,0.84782,0.39983,0.93953,0.42899,0.0080719,0.9935,0.53427,0.10594,0.22221,0.77481,0.25256,0.84387,0.33656,0.8447,0.3264,0.47144,0.55569,0.59941,0.20578,0.092407,0.063217,0.021011,0.2036,0.59251,0.41704,0.8952,0.11537,0.72627,0.66573,0.85202,0.6599,0.74638,0.32834,0.43906,0.44145,0.59541,0.73741,0.70659,0.68025,0.17746,0.092117,0.1803,0.8378,0.19064,0.55672,0.97305,0.38086,0.96375,0.44922,0.39589,0.33,0.89343,0.21277,0.48997,0.82243,0.58395,0.32513,0.76036,0.71495,0.020966,0.59119,0.072571,0.86992,0.51553,0.30475,0.35982,0.44553,0.44949,0.75554,0.131,0.89018,0.25604,0.28699,0.99532,0.98383,0.017303,0.59393,0.2144,0.36665,0.63594,0.58827,0.55064,0.06311,0.3373,0.81714,0.67673,0.69267,0.55104,0.034286,0.18657,0.11067,0.41963,0.93863,0.89835,0.35001,0.93268,0.75941,0.83934,0.37617,0.32779,0.13239,0.95956,0.12996,0.30009,0.47061,0.60831,0.48123
0.5658,0.028473,0.00057983,0.23761,0.51314,0.91762,0.79341,0.030411,0.020981,0.49475,0.17206,0.041306,0.97713,0.65944,0.64862,0.89613,0.21181,0.5222,0.48466,0.96823,0.74008,0.13889,0.61742,0.19211,0.54666,0.3076,0.055832,0.27316,0.12007,0.29341,0.53633,0.084778,0.53679,0.55544,0.71638,0.65775,0.10979,0.86005,0.66437,0.1498,0.47337,0.22366,0.23409,0.34993,0.33492,0.16362,0.11639,0.57173,0.58665,0.04834,0.52025,0.66617,0.78349,0.72813,0.18864,0.38519,0.41438,0.025131,0.3717,0.61703,0.44492,0.69116,0.92929,0.28067,0.78622,0.61594,0.26997,0.073395,0.96802,0.93748,0.96332,0.50482,0.73,0.6597,0.5983,0.91267,0.54312,0.86806,0.83047,0.21291,0.94093,0.16232,0.34425,0.96997,0.70915,0.38065,0.70482,0.894,0.6087,0.10069,0.0026398,0.82001,0.81061,0.70401,0.011337,0.60559,0.071579,0.099762,0.76312,0.88689,0.90808,0.68936,0.72861,0.24753,0.74284,0.28081,0.27332,0.41405,0.67268,0.22961,0.632,0.87926,0.59093,0.56493,0.089508,0.49922,0.58902,0.14449,0.82834,0.35037,0.45461,0.54459,0.28548,0.11108,0.51698,0.055267,0.65361,0.37976
0.64246,0.069382,0.812,0.0020905,0.84045,0.060303,0.13554,0.26407,0.71774,0.60107,0.98579,0.4113,0.88394,0.94986,0.29456,0.30559,0.3439,0.8857,0.54488,0.44127,0.8136,0.68706,0.081253,0.13838,0.66812,0.68042,0.85309,0.52844,0.077667,0.47704,0.92276,0.5834,0.78195,0.0051422,0.83923,0.7795,0.66225,0.44295,0.073624,0.72684,0.6429,0.14806,0.55894,0.40678,0.49495,0.37865,0.6179,0.063995,0.77563,0.027222,0.68877,0.43169,0.36446,0.72604,0.58318,0.83914,0.085388,0.89265,0.98643,0.69228,0.23663,0.57198,0.48012,0.49066,0.63223,0.38374,0.50305,0.33429,0.68088,0.45744,0.70177,0.68411,0.80634,0.6795,0.64323,0.43481,0.20587,0.033005,0.38177,0.83482,0.50705,0.37265,0.16685,0.17078,0.45049,0.80205,0.56392,0.91924,0.57484,0.35637,0.16719,0.016098,0.87357,0.88773,0.04689,0.058746,0.023605,0.93573,0.84586,0.11694,0.69266,0.39406,0.21239,0.98393,0.39664,0.55359,0.040451,0.44771,0.11208,0.66406,0.6248,0.76126,0.61217,0.22308,0.25449,0.24738,0.79361,0.12267,0.5157,0.11458,0.53514,0.64746,0.45274,0.81451,0.3261,0.15623,0.84229,0.77075
0.59883,0.84877,0.72466,0.23584,0.8013,0.13689,0.13181,0.65974,0.78934,0.048981,0.69377,0.02211,0.73692,0.13988,0.4016,0.62387,0.91141,0.62874,0.93509,0.42538,0.16719,0.34264,0.83359,0.77071,0.90485,0.36787,0.091003,0.51138,0.37543,0.20715,0.72325,0.92279,0.89192,0.0092163,0.24083,0.72707,0.23784,0.23686,0.49309,0.89452,0.45483,0.032227,0.36954,0.84953,0.23824,0.019287,0.50876,0.91759,0.24518,0.77861,0.33769,0.1335,0.677,0.45688,0.56606,0.6452,0.35466,0.69373,0.52296,0.79422,0.67773,0.49544,0.012619,0.28723,0.063324,0.42984,0.17659,0.6373,0.98399,0.25784,0.0007019,0.8304,0.55457,0.1071,0.88521,0.66481,0.24055,0.59398,0.070236,0.24854,0.3774,0.35072,0.69614,0.097702,0.69977,0.97636,0.52667,0.14322,0.68536,0.059784,0.80988,0.92848,0.60915,0.31889,0.91908,0.87247,0.62772,0.99515,0.074417,0.50322,0.93785,0.91994,0.34329,0.57831,0.81287,0.12868,0.6976,0.93295,0.75407,0.71346,0.16811,0.9505,0.71776,0.43774,0.76082,0.73991,0.60774,0.085922,0.69325,0.84906,0.11378,0.65028,0.83946,0.39371,0.17459,0.76985,0.45335,0.91257
0.014297,0.61111,0.59224,0.28487,0.78204,0.11929,0.65349,0.091232,0.11072,0.72528,0.32295,0.45517,0.79027,0.31776,0.70763,0.34933,0.27129,0.51866,0.8786,0.39104,0.407,0.49156,0.0022736,0.83366,0.69086,0.3156,0.51291,0.32744,0.62199,0.74466,0.21721,0.37109,0.5295,0.10234,0.39984,0.3409,0.59254,0.32251,0.098282,0.076431,0.95058,0.39645,0.82408,0.32704,0.18259,0.14075,0.38551,0.24524,0.98587,0.78925,0.40407,0.27872,0.17868,0.11606,0.7421,0.22995,0.13454,0.099411,0.30789,0.093964,0.14513,0.1058,0.80338,0.9108,0.56158,0.088623,0.52292,0.40657,0.1591,0.79158,0.39815,0.10162,0.17715,0.86272,0.82133,0.1163,0.90375,0.8073,0.80318,0.94344,0.55566,0.34221,0.40739,0.0072021,0.65088,0.86507,0.77791,0.89729,0.028,0.53909,0.8356,0.56136,0.31686,0.31444,0.22572,0.52142,0.47134,0.56874,0.90967,0.89246,0.63466,0.84726,0.26985,0.97868,0.97444,0.11909,0.87152,0.17487,0.50847,0.30574,0.644,0.86166,0.069122,0.1841,0.75244,0.79265,0.46088,0.33524,0.63632,0.16852,0.65443,0.3035,0.89532,0.21976,0.54625,0.026779,0.8972,0.29431
0.38977,0.12935,0.46936,0.85254,0.50604,0.82455,0.92416,0.67686,0.72626,0.26411,0.89267,0.48753,0.77655,0.69865,0.54088,0.89996,0.86435,0.9688,0.912,0.72693,0.81866,0.48979,0.30826,0.11147,0.3535,0.99962,0.29692,0.13258,0.010437,0.69373,0.44179,0.82858,0.055695,0.88695,0.23059,0.13525,0.05603,0.98761,0.29143,0.94711,0.73256,0.20357,0.042709,0.23782,0.8333,0.25249,0.1909,0.053452,0.93196,0.64275,0.30511,0.47592,0.25079,0.8736,0.99551,0.75876,0.6783,0.21364,0.90965,0.27831,0.15335,0.42416,0.13969,0.66025,0.61076,0.89368,0.24789,0.51511,0.10706,0.58662,0.75989,0.85074,0.73819,0.49261,0.38457,0.76344,0.064545,0.031204,0.41115,0.59099,0.67062,0.54134,0.22878,0.4873,0.49104,0.34889,0.25543,0.079895,0.095749,0.83409,0.60132,0.19469,0.33527,0.74802,0.89494,0.020111,0.72035,0.91904,0.21696,0.75443,0.19153,0.26511,0.82297,0.5574,0.69574,0.91452,0.70035,0.23569,0.60614,0.53615,0.85345,0.63481,0.1322,0.83852,0.82634,0.46454,0.026215,0.33096,0.24257,0.72218,0.44846,0.077805,0.48312,0.85948,0.6913,0.09642,0.40884,0.36481
0.0095978,0.30838,0.80362,0.46498,0.22365,0.31001,0.19208,0.69485,0.051117,0.44597,0.81076,0.21001,0.27025,0.19098,0.85461,0.92572,0.90714,0.23453,0.48692,0.72511,0.45538,0.78584,0.19194,0.9937,0.97583,0.82483,0.0056305,0.013367,0.58452,0.54636,0.95145,0.79245,0.53404,0.36208,0.92679,0.59189,0.92746,0.55461,0.23613,0.50342,0.40773,0.94832,0.65158,0.096924,0.85493,0.28268,0.44585,0.1555,0.23203,0.70576,0.099182,0.46558,0.82895,0.057083,0.0077667,0.28741,0.1371,0.52167,0.86363,0.8019,0.48239,0.52167,0.1638,0.82037,0.56909,0.60823,0.57768,0.9124,0.86334,0.45488,0.18494,0.2379,0.10612,0.95186,0.22731,0.54329,0.060944,0.086044,0.9247,0.76382,0.0010986,0.66737,0.57961,0.3791,0.33472,0.98099,0.74675,0.012222,0.023346,0.70308,0.94679,0.14543,0.92842,0.42691,0.94243,0.94971,0.63963,0.084915,0.43214,0.084854,0.74147,0.52885,0.035385,0.26918,0.9912,0.9433,0.014862,0.67429,0.64484,0.66681,0.81854,0.042969,0.46124,0.58667,0.55632,0.30258,0.33882,0.063919,0.75987,0.58708,0.28217,0.87157,0.67401,0.96042,0.75015,0.73741,0.25041,0.69299
0.77979,0.037781,0.57867,0.9294,0.48624,0.37993,0.27199,0.70685,0.1898,0.95651,0.43823,0.88881,0.93764,0.82742,0.67149,0.60187,0.60419,0.93704,0.7285,0.083984,0.31503,0.77592,0.22604,0.7368,0.8269,0.026779,0.067734,0.32843,0.60652,0.12445,0.13542,0.21082,0.4884,0.88438,0.65611,0.69295,0.85594,0.63496,0.82814,0.086716,0.50255,0.16566,0.53091,0.16747,0.33138,0.70746,0.55482,0.27774,0.78305,0.57413,0.38052,0.56891,0.83946,0.21634,0.15024,0.88712,0.62369,0.72157,0.084427,0.73079,0.27965,0.62314,0.02179,0.81653,0.47972,0.89882,0.025528,0.64192,0.69492,0.16647,0.99898,0.067383,0.7916,0.26155,0.4706,0.93375,0.07634,0.92386,0.081741,0.008316,0.90002,0.90025,0.39252,0.67244,0.31277,0.53461,0.93842,0.33685,0.48676,0.78745,0.3885,0.78716,0.58006,0.34909,0.66292,0.95792,0.41548,0.99655,0.75606,0.85529,0.8123,0.10529,0.024246,0.0094452,0.46339,0.19432,0.47292,0.45296,0.50119,0.22566,0.29181,0.61223,0.0084991,0.86464,0.47668,0.12939,0.27415,0.03653,0.02153,0.90982,0.21156,0.93538,0.33209,0.90218,0.48457,0.81075,0.25566,0.17807
0.15657,0.60548,0.86566,0.12672,0.21739,0.85692,0.87532,0.30769,0.52631,0.98668,0.48711,0.00016785,0.80995,0.42517,0.20242,0.90161,0.57509,0.19484,0.015045,0.082825,0.1205,0.059586,0.82613,0.07695,0.11324,0.45692,0.5498,0.35617,0.86632,0.58109,0.8844,0.30917,0.81624,0.081375,0.94675,0.52533,0.40854,0.84854,0.59212,0.62762,0.77565,0.93372,0.55779,0.72905,0.14285,0.37126,0.43497,0.25667,0.31627,0.62599,0.62935,0.64459,0.75168,0.97112,0.10222,0.71654,0.47734,0.31676,0.31955,0.038879,0.6284,0.31187,0.3996,0.78671,0.76059,0.20381,0.073502,0.32158,0.66479,0.82967,0.65074,0.77287,0.27538,0.52454,0.64001,0.14577,0.35999,0.96826,0.64223,0.57387,0.84497,0.77151,0.43573,0.022064,0.030731,0.7823,0.67914,0.42831,0.17418,0.55251,0.62468,0.90297,0.68184,0.58463,0.49449,0.86282,0.54581,0.71799,0.56613,0.011414,0.62756,0.87929,0.38522,0.31258,0.27255,0.13782,0.092133,0.35388,0.74515,0.32933,0.53378,0.87346,0.97969,0.32246,0.33511,0.52803,0.098114,0.04393,0.44536,0.025436,0.461,0.98795,0.65424,0.36079,0.59286,0.98581,0.11711,0.54276
0.48584,0.49451,0.20389,0.39114,0.5206,0.23473,0.18854,0.17622,0.62041,0.65399,0.56969,0.66933,0.63052,0.046051,0.76849,0.38271,0.99229,0.74042,0.53552,0.02916,0.24269,0.93674,0.028595,0.81673,0.068878,0.27336,0.91295,0.8584,0.70518,0.72585,0.49063,0.21722,0.37929,0.097198,0.37358,0.44064,0.23924,0.93022,0.14105,0.85588,0.51961,0.34996,0.78511,0.49905,0.17851,0.81041,0.12154,0.67044,0.69391,0.65207,0.22504,0.59276,0.00038147,0.79778,0.049347,0.47104,0.27512,0.021027,0.70445,0.87637,0.89276,0.98911,0.50397,0.09848,0.6647,0.79587,0.8399,0.08223,0.95187,0.30666,0.88934,0.92097,0.19901,0.51315,0.61855,0.63922,0.88901,0.1315,0.067612,0.44481,0.66209,0.70084,0.11368,0.83713,0.754,0.39215,0.53879,0.38342,0.14224,0.81075,0.70915,0.19864,0.7448,0.76102,0.43922,0.28467,0.16322,0.28712,0.5302,0.12337,0.77664,0.54114,0.46268,0.90814,0.59354,0.21509,0.8811,0.2551,0.25087,0.052322,0.36031,0.32523,0.2439,0.53583,0.62331,0.78342,0.0097046,0.73332,0.88591,0.2216,0.33571,0.96524,0.058578,0.045181,0.84129,0.63181,0.14992,0.85535
0.82538,0.69466,0.27368,0.97542,0.54095,0.47884,0.73184,0.92917,0.89081,0.46886,0.70528,0.21936,0.22781,0.6111,0.68953,0.16626,0.040588,0.81973,0.59976,0.1189,0.97322,0.5681,0.47374,0.88084,0.90689,0.33911,0.33472,0.65836,0.71068,0.14523,0.93114,0.88614,0.14952,0.2558,0.77061,0.21077,0.074722,0.60422,0.12906,0.90079,0.015381,0.89906,0.11998,0.79254,0.80672,0.74353,0.41389,0.84845,0.38397,0.37582,0.58492,0.70137,0.060898,0.76865,0.30612,0.32407,0.57661,0.083069,0.88744,0.93256,0.43967,0.1721,0.49272,0.57269,0.7981,0.62572,0.76526,0.67755,0.13126,0.35487,0.084625,0.93779,0.79701,0.85333,0.29202,0.1855,0.153,0.97673,0.85577,0.24408,0.69576,0.01535,0.55399,0.90805,0.88652,0.43585,0.12666,0.21051,0.39433,0.57198,0.55495,0.386,0.97772,0.24335,0.37053,0.44559,0.68799,0.90535,0.82826,0.99393,0.55472,0.85905,0.6813,0.52794,0.42235,0.32707,0.70309,0.44594,0.32346,0.39017,0.45825,0.42892,0.32803,0.29391,0.86208,0.18918,0.55334,0.57997,0.26865,0.40445,0.3421,0.50235,0.87729,0.29584,0.76855,0.32724,0.61244,0.19217
0.012161,0.82051,0.36913,0.634,0.40271,0.81944,0.83363,0.54218,0.075714,0.9968,0.85039,0.70418,0.6897,0.55545,0.56441,0.78954,0.86833,0.076111,0.58138,0.18533,0.61063,0.068375,0.062607,0.79852,0.46814,0.1813,0.98967,0.38954,0.40117,0.67787,0.54535,0.173,0.52693,0.52655,0.95937,0.50784,0.7887,0.79703,0.98993,0.15916,0.92647,0.90813,0.76871,0.82127,0.85548,0.60495,0.15631,0.094406,0.78935,0.89639,0.55864,0.8185,0.77136,0.76993,0.61276,0.034439,0.67372,0.89137,0.6991,0.47209,0.83678,0.23927,0.70953,0.061493,0.5511,0.1848,0.63411,0.76018,0.57825,0.96704,0.67735,0.42322,0.069138,0.77663,0.99304,0.12029,0.047409,0.69933,0.34752,0.7354,0.88528,0.036957,0.72141,0.17381,0.46553,0.42256,0.52119,0.5065,0.10635,0.43956,0.17868,0.30515,0.71579,0.11256,0.78839,0.28253,0.60529,0.48549,0.053909,0.2643,0.18665,0.5025,0.052505,0.89684,0.90843,0.6075,0.54634,0.52786,0.63438,0.87776,0.7229,0.95537,0.70216,0.81808,0.84358,0.84207,0.076263,0.24321,0.71109,0.57564,0.45992,0.35123,0.074982,0.13898,0.4577,0.37477,0.1922,0.7793
0.33485,0.05632,0.56387,0.29912,0.41129,0.045807,0.8035,0.62219,0.21832,0.74559,0.096375,0.10977,0.21039,0.58026,0.94716,0.0036621,0.8734,0.75775,0.80838,0.064789,0.42638,0.25131,0.5249,0.41731,0.40073,0.89815,0.37683,0.13666,0.91338,0.79767,0.89238,0.60095,0.17059,0.2422,0.41336,0.3739,0.83321,0.47241,0.8002,0.014511,0.64113,0.42029,0.27718,0.50977,0.81874,0.68607,0.92207,0.55452,0.78775,0.25186,0.23164,0.68066,0.15457,0.4012,0.68776,0.27202,0.55817,0.45016,0.53415,0.97778,0.78502,0.99309,0.41594,0.39297,0.1868,0.62303,0.48782,0.20802,0.36472,0.32538,0.79555,0.28793,0.79976,0.57829,0.51221,0.77292,0.53136,0.2081,0.66098,0.6403,0.73888,0.27118,0.02655,0.15901,0.59442,0.69139,0.02037,0.65071,0.99919,0.022797,0.97717,0.16296,0.055405,0.32071,0.3058,0.41827,0.87297,0.10999,0.68997,0.6723,0.73982,0.78558,0.75362,0.68082,0.32256,0.24294,0.44501,0.19154,0.66476,0.9227,0.35379,0.79594,0.049973,0.28654,0.66872,0.86729,0.80281,0.53085,0.71384,0.8638,0.73582,0.70033,0.73483,0.92519,0.027557,0.75937,0.2424,0.50394
0.40005,0.32378,0.21581,0.56001,0.97232,0.66206,0.49026,0.2578,0.75095,0.46693,0.73608,0.4798,0.063263,0.28714,0.62749,0.49182,0.017609,0.27283,0.28398,0.88023,0.44749,0.12431,0.79092,0.83092,0.38422,0.042664,0.73697,0.63535,0.80829,0.15926,0.56693,0.30588,0.29703,0.52759,0.15273,0.84431,0.96112,0.24022,0.67473,0.74548,0.29523,0.97346,0.059769,0.30902,0.6026,0.08493,0.28798,0.46783,0.49806,0.28203,0.21799,0.30374,0.09671,0.85057,0.1568,0.22423,0.52907,0.67671,0.19182,0.98004,0.52551,0.21815,0.5033,0.79575,0.26665,0.54521,0.76799,0.90413,0.28525,0.64566,0.81444,0.71602,0.58434,0.2522,0.062393,0.0054169,0.32675,0.99654,0.90071,0.72084,0.053268,0.83453,0.22247,0.043945,0.57758,0.099548,0.32414,0.89862,0.63347,0.24335,0.6646,0.42723,0.94801,0.48706,0.45598,0.65576,0.62509,0.69038,0.85521,0.41577,0.37199,0.14374,0.14746,0.037521,0.87161,0.40019,0.22473,0.18001,0.7337,0.4133,0.055954,0.37556,0.17393,0.90495,0.71478,0.96097,0.43735,0.47523,0.63249,0.75139,0.85213,0.84705,0.65994,0.33057,0.83292,0.83688,0.78137,0.6048
0.50853,0.41328,0.1613,0.0091553,0.93297,0.16008,0.53218,0.99672,0.54118,0.31802,0.53908,0.3345,0.96973,0.87233,0.28279,0.64557,0.14706,0.46812,0.77629,0.1097,0.55721,0.49619,0.22427,0.94873,0.10281,0.92371,0.74406,0.60683,0.91173,0.50896,0.17799,0.45108,0.51758,0.94257,0.10913,0.75853,0.85338,0.24393,0.28033,0.76349,0.87106,0.70683,0.38939,0.070084,0.29152,0.21913,0.59454,0.77582,0.24135,0.17255,0.17137,0.71593,0.87729,0.094055,0.80475,0.4601,0.46649,0.37532,0.20595,0.53555,0.78758,0.3858,0.97556,0.69476,0.53856,0.75119,0.49425,0.26076,0.70006,0.075699,0.84457,0.73361,0.46126,0.49902,0.69121,0.59897,0.18509,0.96301,0.22104,0.0045776,0.051132,0.60881,0.94174,0.88237,0.23804,0.83669,0.12831,0.48283,0.67604,0.47189,0.12984,0.67816,0.53293,0.64006,0.31984,0.20532,0.80035,0.93091,0.039215,0.28062,0.55746,0.58429,0.40442,0.4278,0.7625,0.61313,0.75726,0.93649,0.367,0.146,0.99338,0.67598,0.16072,0.57942,0.97624,0.63719,0.088135,0.014679,0.19139,0.17534,0.64049,0.92499,0.93756,0.32317,0.014709,0.17735,0.88617,0.005249
0.098007,0.99399,0.36502,0.2859,0.10431,0.26826,0.59642,0.89914,0.30296,0.18669,0.95343,0.39758,0.006958,0.79874,0.95462,0.83615,0.14377,0.91858,0.33395,0.78641,0.81635,0.88129,0.864,0.7883,0.016205,0.38081,0.65732,0.10497,0.11267,0.23677,0.40289,0.33435,0.89546,0.61967,0.68118,0.43515,0.38565,0.63368,0.60349,0.87428,0.41412,0.52058,0.2838,0.34761,0.78616,0.72714,0.78337,0.79694,0.034012,0.90681,0.7422,0.707,0.27182,0.67325,0.69453,0.59038,0.8311,0.3002,0.47575,0.67003,0.36938,0.34573,0.48128,0.68402,0.29158,0.12331,0.084503,0.095001,0.76044,0.17172,0.38773,0.50984,0.12453,0.112,0.9019,0.044174,0.15877,0.94907,0.6012,0.078552,0.40598,0.077271,0.85416,0.90063,0.46461,0.74483,0.87222,0.74338,0.91527,0.13013,0.73378,0.9088,0.65015,0.84116,0.33189,0.0354,0.08429,0.117,0.38333,0.96184,0.50978,0.22035,0.56729,0.21944,0.95377,0.18553,0.7282,0.67252,0.9196,0.38803,0.23119,0.6413,0.72401,0.8909,0.078064,0.25897,0.063461,0.60649,0.0088501,0.92413,0.59117,0.97762,0.24995,0.4332,0.34254,0.78513,0.044708,0.26968
0.67172,0.098602,0.55132,0.16762,0.011154,0.12241,0.46013,0.30267,0.13959,0.28456,0.01358,0.88625,0.42563,0.25035,0.49463,0.7668,0.016449,0.045517,0.50514,0.046692,0.86577,0.81491,0.72009,0.28564,0.42734,0.29855,0.21759,0.38435,0.7039,0.9675,0.70496,0.86423,0.23257,0.412,0.40314,0.79581,0.017395,0.53062,0.27905,0.55095,0.090271,0.36841,0.79887,0.87006,0.22075,0.6467,0.59006,0.50046,0.71422,0.92552,0.31641,0.40692,0.77264,0.54451,0.33295,0.88455,0.013016,0.16986,0.75333,0.89569,0.84785,0.48344,0.24503,0.81049,0.96793,0.93805,0.52757,0.31998,0.059326,0.37566,0.84909,0.15309,0.89771,0.66612,0.93228,0.030457,0.79356,0.80331,0.15189,0.5475,0.10611,0.10298,0.018204,0.3719,0.46199,0.9407,0.088501,0.33174,0.27104,0.93013,0.78899,0.45776,0.66129,0.56964,0.87465,0.78836,0.43474,0.76024,0.27917,0.39566,0.10048,0.6868,0.89458,0.45026,0.0011139,0.26234,0.66786,0.70772,0.17357,0.11705,0.27042,0.57919,0.25319,0.96571,0.68742,0.1915,0.067734,0.030212,0.56837,0.22588,0.78537,0.39403,0.85828,0.33508,0.28816,0.27336,0.11449,0.76776
0.23555,0.42589,0.77457,0.86929,0.43184,0.061584,0.42499,0.54089,0.36372,0.21405,0.19946,0.10707,0.49947,0.98462,0.054352,0.7701,0.59682,0.59525,0.32846,0.33467,0.26259,0.20647,0.51352,0.34113,0.87651,0.35283,0.7117,0.59317,0.042557,0.73869,0.57268,0.91916,0.96979,0.97206,0.77324,0.48257,0.85454,0.4377,0.55527,0.16344,0.44461,0.48337,0.068558,0.54843,0.2719,0.49455,0.07486,0.024887,0.27768,0.9503,0.056717,0.14145,0.48312,0.56126,0.72749,0.24463,0.51195,0.047897,0.14128,0.56294,0.057053,0.11092,0.52995,0.50668,0.25093,0.16768,0.81902,0.55292,0.75423,0.55844,0.84003,0.98944,0.98845,0.74614,0.78973,0.27437,0.039917,0.39833,0.63937,0.58824,0.47336,0.81522,0.021317,0.55354,0.17337,0.80942,0.90572,0.020416,0.82428,0.28375,0.84651,0.74498,0.20473,0.81471,0.31459,0.65793,0.0025024,0.46504,0.91481,0.86534,0.52322,0.4469,0.97519,0.78024,0.1953,0.40675,0.89046,0.21408,0.68091,0.30188,0.31107,0.62979,0.51892,0.38634,0.67288,0.57822,0.64491,0.47054,0.45085,0.60345,0.89748,0.1628,0.97322,0.76085,0.45122,0.77905,0.013901,0.031097
0.5062,0.8,0.61336,0.49049,0.047806,0.54425,0.64432,0.6967,0.65659,0.77498,0.68858,0.84047,0.90039,0.11003,0.59268,0.80617,0.4969,0.024597,0.99286,0.65382,0.71848,0.08963,0.35165,0.64429,0.53239,0.92088,0.72664,0.22716,0.9857,0.90897,0.64651,0.34677,0.61534,0.21204,0.39577,0.73526,0.91451,0.78116,0.33177,0.49785,0.67853,0.7094,0.99731,0.50861,0.6246,0.39941,0.026093,0.13612,0.026962,0.19666,0.65176,0.63077,0.37915,0.92839,0.4407,0.24799,0.31859,0.33746,0.10863,0.38049,0.37225,0.53909,0.12918,0.56628,0.96677,0.74358,0.3083,0.73158,0.62543,0.68515,0.66986,0.7291,0.91763,0.92195,0.39728,0.77757,0.69519,0.073441,0.014526,0.12244,0.50027,0.55429,0.4397,0.079529,0.50839,0.61139,0.024323,0.30435,0.50938,0.56537,0.71848,0.2709,0.31546,0.5117,0.39035,0.72888,0.36169,0.61754,0.87544,0.65045,0.53163,0.051102,0.33281,0.67949,0.96709,0.541,0.055252,0.82768,0.037125,0.7538,0.093262,0.91159,0.60846,0.44966,0.16299,0.75304,0.058578,0.34462,0.86565,0.53004,0.80377,0.54636,0.028961,0.83426,0.4335,0.62906,0.40671,0.074615
0.2263,0.12099,0.53658,0.54527,0.09343,0.4597,0.99158,0.40137,0.14378,0.011108,0.42148,0.11502,0.66069,0.028458,0.15329,0.36977,0.2541,0.14735,0.96039,0.058136,0.87552,0.33757,0.030853,0.62271,0.84473,0.68494,0.2758,0.080276,0.77596,0.14169,0.44775,0.44186,0.91031,0.20065,0.34692,0.22972,0.33452,0.069092,0.88197,0.61043,0.86174,0.76347,0.5538,0.31976,0.3486,0.79054,0.13519,0.17711,0.055084,0.44,0.54971,0.45522,0.44223,0.72978,0.49298,0.66989,0.50278,0.66118,0.56404,0.93683,0.9236,0.74918,0.66949,0.79987,0.14566,0.66411,0.72234,0.62743,0.37071,0.9621,0.49962,0.21288,0.18102,0.21735,0.68724,0.53387,0.66641,0.63393,0.57593,0.13037,0.64024,0.52377,0.84795,0.26392,0.76073,0.75543,0.24072,0.11671,0.77539,0.42239,0.59869,0.49866,0.6102,0.3354,0.2899,0.79068,0.79021,0.46413,0.22145,0.52979,0.7269,0.51216,0.65797,0.31972,0.59091,0.47435,0.15799,0.67159,0.93391,0.75842,0.18016,0.80794,0.19254,0.81125,0.080307,0.032425,0.47124,0.3938,0.77956,0.67105,0.80775,0.37746,0.47958,0.25378,0.13763,0.80432,0.21465,0.76559
0.65746,0.73532,0.22432,0.33252,0.87575,0.73817,0.34772,0.00021362,0.0044098,0.87436,0.22357,0.37662,0.44614,0.51338,0.63084,0.68518,0.36971,0.47748,0.72568,0.68945,0.89417,0.72427,0.85626,0.12183,0.99803,0.29555,0.2023,0.76213,0.62895,0.61461,0.23601,0.96292,0.1264,0.59183,0.24265,0.1216,0.53389,0.26334,0.61256,0.27856,0.34666,0.27029,0.48448,0.30646,0.026291,0.52531,0.61325,0.16255,0.87932,0.67368,0.050293,0.327,0.58507,0.81058,0.66263,0.80017,0.2252,0.90442,0.093628,0.79915,0.66403,0.8737,0.086105,0.13843,0.75157,0.053986,0.2084,0.97212,0.087936,0.91138,0.43013,0.70128,0.47885,0.61038,0.56108,0.14984,0.71617,0.54022,0.19145,0.87181,0.70584,0.60716,0.7477,0.15627,0.8372,0.4731,0.93585,0.037979,0.18954,0.46857,0.40526,0.15042,0.28389,0.84772,0.55679,0.069489,0.50113,0.11836,0.77786,0.2596,0.98938,0.85356,0.19759,0.081573,0.724,0.05423,0.17731,0.58759,0.41357,0.49057,0.97005,0.48418,0.8222,0.74416,0.38438,0.4799,0.66911,0.63293,0.42065,0.56238,0.75499,0.40765,0.21964,0.41638,0.9641,0.86642,0.38103,0.80115
